generated,probability
1,0.840302984877483
0,9.9301269396733e-05
0,0.022282745564595512
1,0.9690212653844086
0,0.0006755051856964446
0,0.3837386940509767
0,0.003436133247777493
0,0.32154576634247317
0,0.0025846040005327517
1,0.9076023884954437
1,0.9740451456502087
0,0.2783512889256889
1,0.9993402669089829
0,0.0045985257453949055
0,0.164043595423659
0,0.0011470558160284507
0,0.0008827170874087715
0,0.0011251867237471634
1,0.9699776236016052
0,0.0093756780324047
0,0.031969124136799226
1,0.9979135064998246
0,0.000640425382309509
1,0.9992858222763701
0,0.0028090613848840698
0,0.009502100446705276
0,0.007716878764734421
1,0.9039887309938858
0,0.01322652114348674
1,0.9820317726565408
0,0.004940656778130604
0,0.0008518018863096261
0,0.48855404723938584
0,0.07813139993666521
0,0.0001380352873990212
0,0.43212198935147694
0,0.00018645654965701136
0,0.2888551063877841
1,0.9999365367997086
0,0.045054099961324694
0,0.04751414884460845
0,0.001885462339246797
1,0.9985936053895659
1,0.5756770091816065
0,0.03690803036515312
0,0.10797914092920438
0,0.003627784119352102
0,8.705843870105859e-05
1,0.9995315219103454
0,0.0019316141945106577
0,8.012477620217166e-05
0,0.0037411028431650704
0,0.0008278714735356794
1,0.9237780611583818
1,0.9997721680301352
0,0.005525211213275786
0,0.00018054969149661326
1,0.9819737444444708
1,0.9835638630114579
1,0.999763840312274
0,0.0013036270161316072
0,0.021935153051252574
0,0.04414468316581524
0,0.4646475352016327
0,0.2086995086093596
1,0.9988373289927668
0,0.018283433601932002
1,0.9866274063114526
1,0.9961133992697545
0,0.0027974133470078776
1,0.9993107111931349
0,0.0017660307417248547
1,0.999987354652797
1,0.9999007547967499
1,0.986032323567229
0,1.8578716081699376e-05
1,0.9995683910701891
0,0.056254968167851103
1,0.8845611388454628
1,0.6843594637823087
0,0.026137850763700583
0,0.0014799593661577889
1,0.8852475646822947
1,0.8239485096175898
1,0.8277070214381007
0,0.03727502526212033
0,0.1356510253213332
1,0.9012861619504546
0,0.015417235541862796
0,0.028350896501197
0,0.0013067065902106067
0,0.00018005684573918018
0,0.04040576764220222
1,0.9993658264623142
0,0.02388042726386281
0,0.017324381821947576
0,3.189683818649414e-05
1,0.6149572398178756
0,1.8006519101533778e-05
1,0.9859983476131808
0,0.008471167429384457
0,0.1696505441599236
0,0.0018568940747677588
0,0.0008205546584599516
0,0.0004200638347290725
0,0.0066379693102621385
1,0.9584671530122305
0,0.021072346452862857
0,0.1644434413281229
0,0.1408572859286154
0,0.0190134954952233
1,0.7524991182590542
1,0.9792645546121461
1,0.9621363339445195
0,0.007277206231276201
0,2.786848818910858e-07
0,0.05745170239261392
0,0.00021320609208865936
1,0.9975690558700944
0,0.03943591624242376
0,0.0015664864552050444
0,0.037777241190362
0,0.004661760676406378
0,0.0030007550924404953
1,0.9990413514616765
0,0.0033392879502163403
0,0.16462818812352498
0,0.0007801070429773641
1,0.9975631900919232
1,0.9992996082240867
0,0.00565545643542917
0,0.01215665435937911
0,0.04722551923890785
1,0.9502083963051499
0,0.014845647913690231
0,0.010076976634745126
1,0.9999933341988291
0,0.40718381320381253
0,0.057284399766260444
1,0.8921422059720066
0,0.0165190286300299
0,0.0183956937089812
1,0.9968956452260895
1,0.9984614521674563
1,0.9943897532040747
1,0.9882686437600776
0,0.015468837785905059
1,0.979660134217328
1,0.7701362256667279
0,0.16870126849825934
0,0.008155869888470621
1,0.9935169954727029
1,0.9259948927317612
0,0.015209098114490626
0,0.014530543229140661
0,0.016179489365615665
0,0.004774365514507102
0,0.03488700728222358
0,0.0009983186415865174
0,0.00036299079844586644
1,0.9859343135227046
0,0.11308304568539748
0,0.013700365310453894
0,0.002368750907253335
0,0.44818499301516096
0,0.001831468777590044
1,0.9876264299672662
1,0.9998891179870483
1,0.7987703563852345
1,0.999723116305699
1,0.9808020161521415
0,0.000178462944249869
1,0.9538382623134203
0,0.0010522189716993132
0,3.0352404344539405e-05
1,0.999885295338186
0,0.002667973591394085
1,0.9998052813037328
0,0.004561404211200001
0,0.2219229182378082
0,0.0406716581871959
1,0.9850003182331446
0,0.06254997442254522
0,0.007617060904971184
0,0.0035518568180617836
0,0.003860976453851294
0,0.08098373745132513
0,0.311975727588177
1,0.9032902987979913
0,0.01836063354214766
0,0.0022528038066367984
0,0.005109670455580476
0,0.23964376972201779
1,0.9999055948749627
0,1.3502045726925568e-05
0,0.04121684448357983
0,0.026884302454792133
1,0.9593019213675805
0,0.0076688464772795666
0,0.04949891070065686
0,0.0009972054561461223
0,0.02105597439032632
1,0.5448403533051814
0,0.038019531625134564
1,0.967315385078854
0,0.021822817988341906
0,0.015046991233085272
1,0.9992981694618283
0,0.014061900229704645
1,0.8265166643360137
0,0.024398862569760007
0,0.059848620739708744
0,0.02274890906005362
1,0.5935652158915016
0,0.004008972892545558
0,0.0049150527836169045
1,0.5272101728253872
0,0.055013287488404304
0,0.0256334449664633
1,0.9677639027259083
0,0.07560954270376412
0,0.012208980869975995
1,0.9854310690153346
0,0.011445215598125977
0,0.029500796719905152
0,0.0028082749196081
1,0.999188251098308
1,0.9982865989583748
0,0.07657086213295763
1,0.7154335846759455
0,0.052055170367141405
0,0.0012116129779429828
0,7.235477175519021e-05
0,5.049092002344934e-05
1,0.7585549318570167
1,0.9549426685434801
1,0.9802414135817896
0,0.00754160881376381
0,0.008772163470527146
1,0.9942810538272119
0,0.400787441484514
1,0.9960292745171043
1,0.9960568638329489
0,0.0029725508018576055
0,0.019004027748984974
1,0.7684853154152271
0,0.0012354376804969845
0,0.08380005887652174
1,0.9562836456279904
1,0.9755597900671771
0,0.008712998488995888
0,0.042366571701620115
1,0.56585172743959
0,0.3855128176540389
0,0.0002586210959194332
0,0.02928448334700053
1,0.9378036446155059
0,0.043948649985538595
0,0.001899417545187054
1,0.988227418371015
0,0.0589302423279144
0,0.00014520427723190138
0,0.16911385900432216
1,0.9913893970549732
0,0.006687427338212737
1,0.9944620020489403
1,0.5047699461646349
0,3.256510478343471e-06
0,1.2231401157875647e-10
1,0.9974596547607166
0,0.32677195239704204
0,0.022937931385360027
1,0.9999890305412388
1,0.9602695815132216
0,0.003130921378578703
1,0.9802115306263423
1,0.9982001134214232
1,0.9996470033913016
0,0.43396799103818157
0,0.00010283797142581889
0,0.1389561472193522
1,0.9661765709762506
1,0.9991464561375657
1,0.9918788776894764
0,0.0007332590239189192
1,0.8754064163875291
0,0.0021305901498840174
1,0.9975211274024705
1,0.9568137091869791
0,0.0002164088404647679
0,0.1241393552099734
1,0.953904516884119
0,0.13662956715244087
1,0.9972480055244405
1,0.9726476152378297
1,0.9900112377928276
0,0.0099291659861548
0,0.008405394562412715
0,0.05998235887195529
1,0.8879715666543998
0,0.019279527356461552
1,0.95988826204419
0,0.0034991687428613076
1,0.6900776601695566
0,4.107477830944094e-10
0,0.02447987135516092
0,0.0011961425614599836
1,0.9992638519749337
1,0.9992861587454476
0,0.001046668945035758
0,0.014131754073930514
0,0.001172214248201375
1,0.6312288847777072
0,0.052913008385844174
1,0.9784872898531183
0,0.021878810878693634
0,1.987421104258872e-06
0,0.0019875499202531466
1,0.9724273883933049
0,4.747314070212897e-05
0,0.06364774582182246
0,0.054914786933522024
1,0.9989477424667894
1,0.5559655933598614
0,0.002844372894973269
0,0.011723746210119464
1,0.8491072350129404
0,0.2669901399826187
1,0.9998401346063452
0,0.3003281154820175
0,0.052951522631929565
1,0.9477190658676545
0,0.04975740572679038
0,0.0009256001858560333
0,0.004093921124118744
0,0.009114740684227298
1,0.9863767795850922
0,0.030989794905350997
0,0.009149985147727609
0,0.04887402110906942
0,0.002916737490656179
0,0.05093278824337601
1,0.9240380298399238
0,0.002095380714760176
0,0.008442390084725146
1,0.9995589386817068
0,0.00017206031654976698
1,0.5603012571681925
1,0.949799072200642
0,0.0024299720863049036
0,0.43639692760711446
0,0.015579602134700112
0,0.0007454720945299475
1,0.9985590807482384
0,0.0438082346698194
1,0.9980243764772938
1,0.9989627812981239
0,0.016099224810680123
0,0.00026341615266339244
0,0.018276566916905962
0,0.0013632102494721288
0,0.018141742880175886
0,0.1137153049962953
0,0.05139189710650177
0,0.35459626179311127
0,0.0014648016858752667
1,0.948730454333582
0,0.054914786933522024
0,0.09908089691782088
0,0.06245782489941706
1,0.9982657720791075
0,0.01176026436493325
0,0.0013743171767676067
1,0.8693870183321872
1,0.6247455541168617
1,0.8904564123784785
1,0.9826419477397861
1,0.5525461391001416
0,0.00012940702740741429
0,0.0001079215077645387
0,0.028739519124476757
1,0.956128039267616
1,0.9721719747732525
1,0.8411048062266859
1,0.7155455606276067
0,0.025247501104697253
0,0.0014010782784733909
0,0.07596062879513249
1,0.9966286805336666
1,0.8035746933332953
1,0.8533495528707611
0,0.021617983985300248
0,0.003928469196568033
0,0.23431885652602538
1,0.984468344486323
0,0.0005820987538739827
1,0.9034011470853246
1,0.9902547249757176
0,0.0015765912157193944
1,0.9938224113285009
0,0.013612580407656411
0,0.12278456154295844
1,0.8611302306407332
1,0.8767737691078429
0,0.020560646693790856
0,0.02111046735153506
0,0.0016488807343019093
1,0.711162492220041
0,0.0016665926263187442
1,0.9573187258398198
1,0.9999152422322319
1,0.7116294354519772
0,0.00032723347059366805
0,0.0018423052992235357
0,0.016200643146284145
0,0.03819290521510324
0,1.5245907158964106e-05
0,1.8323988025267904e-05
1,0.8634776113126525
0,0.0014621929583204711
1,0.9732959214213613
0,0.34611531765702563
1,0.9076715052379939
0,0.0006979602810323059
0,0.3573961819677825
0,0.14367041227675817
0,0.45034155776667084
1,0.9825364779741391
1,0.9903271538905438
1,0.9954425085796107
0,0.03840527069536717
0,0.3743226385059984
1,0.7842555960904307
0,0.0008682754187886011
1,0.9861720554197503
0,0.08336998933942719
0,0.0016555650483783568
1,0.9977791599703757
1,0.8214424772504226
0,0.0005577565297413854
0,0.0009600828261136318
1,0.9173547028104816
1,0.6951569075746952
0,0.012803251419242366
0,0.015812374040611966
1,0.9970506375724033
1,0.9976415696382949
0,0.0017407134461925825
0,0.0008292869071089387
0,0.3881768807258497
1,0.9716866749311146
0,0.008923014978043995
0,0.00013058104325199875
1,0.9711209314680541
1,0.6916860491044249
1,0.5339713837064742
1,0.9986506089211445
0,0.014665198003393944
0,0.17079267870988246
1,0.9911810619385749
1,0.9993986545220394
0,0.147400964825311
0,0.009128804976815787
1,0.9972173781638978
0,0.009272268999127312
1,0.9976300896789048
0,0.0005891039836959825
0,0.030744090751017306
1,0.9431027512880352
0,1.2795809369074355e-08
1,0.9996049020501623
0,0.01553824660641011
0,0.0007146944737523434
1,0.9946737272269299
1,0.8447640094202848
0,0.25519241865212716
0,0.01915397723202466
0,0.029761739093610812
1,0.9999757999181058
0,0.16891282206531813
1,0.9987356089912867
1,0.7357649723465202
1,0.9989733183614119
1,0.9891798788733586
1,0.9981510867222647
1,0.9574980065218655
0,0.00382857789665148
0,0.06325187642763601
0,0.00039092795552217
0,0.004183997825951983
0,0.10224790891077988
0,0.0491813220613644
1,0.9917416830531477
0,0.0015088793027222482
0,0.0006267992065532226
0,0.1572485814553552
0,0.003916686709621164
0,0.0004757811821745047
0,0.46160987044590723
0,0.022483272377680896
0,0.03126217482244
0,0.001544568419010914
1,0.9953727286810817
1,0.9998162815575379
0,0.0008350787387465985
0,0.0009583543935561524
0,3.882902299057462e-05
0,0.14216001181193094
1,0.9437414608310806
1,0.9167699025746244
1,0.9991768344711628
0,0.2313350909862695
1,0.998551410712911
0,0.0006611351940272455
0,0.4908748784551101
0,0.00608002118106827
1,0.9972352869509568
1,0.999929103644662
0,0.010735477635148772
1,0.9822100667727746
0,0.006114793292232693
1,0.9973320414611643
1,0.9987528652636033
0,0.11773860510793528
1,0.8311163190384484
0,0.02762836747407135
0,0.033769997041119035
1,0.9986217606185726
0,0.0004915793147510037
0,0.06896766763540713
0,0.02265898243577921
0,0.059006785479426775
0,0.16911385900432216
0,0.0009464650338537157
0,9.067061288722749e-07
1,0.9995247797661371
1,0.5021529479283326
1,0.9965741578088761
0,0.0002758173858834573
0,0.39699021467045154
1,0.9988637714636525
0,0.15768121130793086
0,0.002549241585538046
0,0.08780050738485867
0,0.015924616553218383
1,0.9681634602105754
1,0.9977934095073081
0,0.11015244523127381
0,0.1051791755161973
1,0.9955612383431379
1,0.8966419210578231
0,0.00015437005633527767
0,0.004794759238563101
0,0.46849658342989686
1,0.9952759459132205
1,0.8894687250402037
1,0.8458398036518252
1,0.9757686095583035
1,0.9244721668233956
0,0.01086834834693318
1,0.999130461403037
0,9.202485797922694e-05
1,0.9968686394961781
0,0.0040870546374130075
1,0.9988569361864278
1,0.9943921587849504
0,0.4550553409405049
0,0.00029719156595400245
1,0.9785519293684618
0,0.4344413374920186
0,0.008632106427187428
0,2.9189094881978384e-05
1,0.9306437615724462
1,0.9410325493409021
0,0.009671362030934424
1,0.8872905707580082
1,0.9964951830183993
1,0.9790460470802593
0,0.13721031860366276
0,0.0011025405826388967
0,0.020119158580197388
0,0.3755386691722629
0,0.42690294232309617
0,1.2329479086813913e-05
1,0.5106707229373831
0,0.012794312889287889
1,0.9994211242649391
1,0.9657359436669468
1,0.8335071863902946
0,0.00047842661775082364
1,0.9785098172206333
1,0.9936564258233064
0,0.0005049574262933682
1,0.9983252535794923
0,0.009732675071384728
0,0.012659173228518386
1,0.9915964432901211
0,0.0011464140081363246
0,0.00671343255914068
0,0.025353193651833632
0,0.006712234488846076
1,0.9999610119226107
1,0.9983634883222058
1,0.997334729233814
1,0.6460993773084405
0,0.0017602288116591858
0,0.054516659161880296
0,0.0012346798261578611
0,0.006778454316094391
0,0.2947301408801413
0,0.07301718355574721
0,0.0016279103411206092
1,0.979059205735156
0,0.06896229743496343
1,0.99815308267724
1,0.9976837040076306
1,0.9977171313193668
1,0.9709212407644693
0,0.3460931721870039
1,0.7542607739489487
1,0.9902226514277823
0,0.00014761392225938236
1,0.9986637125091724
0,0.005108097631235769
0,0.13635527349971124
0,0.0008144321395667271
0,0.007142857197231551
0,0.026138645464683356
1,0.7743753302838189
0,0.016138951599118954
0,0.024795090195189898
0,9.3491500246762e-05
0,6.781531237613042e-05
1,0.999959015232638
0,0.001429263273793689
1,0.9997745519388382
1,0.9977322300310604
1,0.9912597360999194
1,0.9995606959080902
1,0.99737837935849
0,0.0025391503097279226
1,0.8665839567118433
1,0.9034436444029997
0,0.08369860495479046
0,0.19092202746424347
0,0.0005940567271355293
1,0.9238085379580356
0,0.4243848179247319
1,0.9502862015306797
1,0.9905285542218079
0,0.0010059126434201272
0,0.00033778874342739663
1,0.9912591555136745
0,0.000573672098373512
0,0.024309810162265848
1,0.9907991845880282
0,0.006137665060339993
0,0.0006558758887261057
0,0.0010505187187755153
0,0.009180361936203583
1,0.9924152313470987
1,0.9817580515163873
0,1.1727401247039841e-07
1,0.9961702977899107
0,0.014691602884985645
0,0.216442644298674
0,0.00032630145980051665
0,7.412603338549238e-05
1,0.5079064064590169
0,0.01586024219178598
1,0.7981098065804932
0,0.025219885725266154
0,0.007918470098194937
1,0.9784460735179462
1,0.7878905331622508
0,0.0029199871535089093
1,0.9988092700751975
0,0.01669068351539715
1,0.988882596669939
0,0.10859396209310818
0,0.1509349239624395
0,0.04461400435424501
0,0.02227533998897305
0,0.02713691248006576
0,0.0022308858917590994
0,0.30911163754034554
1,0.9846031986165542
0,0.27834355011106116
0,0.008563422811067931
0,0.008288866250312412
1,0.9999318322809712
1,0.9605292783167115
0,0.3383129996747058
0,0.004944942242066929
0,0.0002450447843964901
1,0.9705244674013153
0,0.1983185252769524
0,0.04100911361455319
0,0.0014069913378550586
0,0.06432870809809234
1,0.9427575557490305
1,0.9552818280347475
1,0.9842779482737284
0,0.13621535254133302
1,0.8399592539583447
0,0.23015748075512207
0,0.11946914608710558
1,0.8207570138894192
0,0.000132863184322779
0,0.22367136069861476
1,0.7346628604626386
0,0.08694438822313358
0,0.0022507836934495436
0,0.003398492356407762
1,0.6587176964188158
1,0.8785726205259851
0,0.04158588039208978
1,0.9958422565766396
1,0.9940784475265215
0,7.687963820141307e-05
0,0.08353003237794929
1,0.9987332079239526
1,0.9187024235709043
0,0.00329446014293976
1,0.9679438707850073
1,0.8540110869262322
1,0.8361768455171058
1,0.9998054553387962
1,0.9997424061725343
0,0.01978926583571516
0,9.039596507870508e-06
1,0.9687256811928547
1,0.9986773353553413
0,0.0006382705733764414
0,0.3902063014729656
0,0.4531436879054513
1,0.8518789908644948
0,5.886146052753126e-05
0,0.0004925042778374529
1,0.9887712396686588
1,0.9919483716011723
0,0.00027953244324698434
0,0.017435906579998755
0,0.0036917536862172487
0,0.48573253179062054
0,0.12000238207131816
1,0.9987903347705688
0,0.05334478405019203
0,0.003993075053868601
0,0.0021593907326936186
1,0.9807337825932021
0,0.3219362447445992
0,1.6867351137358122e-05
0,0.0002476222930255398
0,0.001152390426628866
0,0.004715695558037549
0,0.0004690219430153207
1,0.7210382074846006
1,0.999923914166542
0,0.00042053232486292106
1,0.9967509177791567
0,0.04312748017282568
1,0.9994674920313901
1,0.9785562813833989
0,0.04955270954709983
1,0.9998477495898763
0,0.284428214254676
0,0.007348992951191188
1,0.9321596939283054
0,0.29296994121486347
1,0.9970899585777642
0,0.0009626856951415055
0,0.4516997626846097
0,0.4917545558403714
0,0.006081923792635298
1,0.8556158448462403
0,0.04489028121001903
0,0.02279397587122318
0,0.0006087490633707283
0,0.41268528121986464
1,0.9649281954048183
1,0.8015757363027354
0,0.00019529123762141763
0,0.04759962635998745
0,0.02272212736937986
0,0.000970827304089306
1,0.9886849843152271
0,0.004469907029425576
1,0.9955055925641199
1,0.9556251152949917
0,0.0003213915407934231
0,0.1814675022251259
1,0.9531294227707455
0,0.0011527532560631942
0,0.0024435729265597957
0,0.002384661942354172
0,0.004361783241685903
0,5.420162606314915e-06
0,0.0777651583820655
0,2.9203093585160175e-05
0,0.008165579094590574
0,0.00760269402514304
0,0.05930350453011391
0,0.020417204161424753
0,0.0019675970361333265
1,0.9868356154147072
1,0.9503924397184685
0,0.007094649735103453
0,9.375472850707667e-18
0,0.029876386545656268
0,0.0017319885606940713
1,0.9884861425943418
0,0.005900230983888071
1,0.998790392909661
0,0.04964939408639309
1,0.9584443500310909
1,0.8383371342646544
0,0.005233564610235552
0,0.025364919655736826
1,0.9952822835581316
0,0.004657771534838828
0,0.38256345989479773
0,0.011940067157057001
0,0.017904431974370992
0,0.47604575198312016
1,0.9709589389895593
0,0.003977928129207295
0,0.4993515288915483
1,0.9667397153634175
0,0.00011944753255422226
0,0.03659804364858149
1,0.9991652455249515
0,0.0007302282389155496
0,0.03144528124763975
1,0.9943096481791325
0,0.028227378139572604
0,0.0023120723566734456
0,0.13081203611620304
1,0.9084265598268032
0,0.18541653534230787
1,0.9995152095425159
0,0.2535559745881579
1,0.948648827286631
1,0.9604751700949962
0,0.004318167959360185
0,0.06266509102729499
0,0.0013626360959785673
1,0.9855675379829338
0,0.008525716105510955
0,0.03304288785623982
1,0.9940797154344789
0,0.008609713060574668
1,0.8568162775437584
0,0.025887905698383524
0,0.05720634334202001
0,0.009103406970913849
1,0.9978631461811069
1,0.9986411909823681
0,0.0017745081961606922
0,0.0007260285144380752
0,0.026768262107874374
0,0.40194878746557294
0,0.12956662169549282
1,0.9904562033923223
0,0.23215220546255802
0,0.00021814378707400088
0,3.947208291636763e-05
0,0.0011633486579046225
1,0.9950939928950313
0,0.05500698036322804
1,0.9981897162866719
0,0.4843350035629608
0,0.014949607104083308
1,0.9786873231778391
1,0.985887404600523
1,0.8930756832735733
1,0.9873311916648974
1,0.9384498824826624
0,0.0003671184693871246
1,0.8587259628953832
1,0.9973910052280052
1,0.9916214251219148
0,0.0009648705115808832
1,0.9995047414904807
0,0.3891768266919535
1,0.9744372671870491
1,0.9803189398868742
0,0.06407136352650177
0,0.011747775669239064
1,0.999417691797498
0,0.004656370935117845
0,0.00662853388546993
0,0.2120901203627138
1,0.5222911045555563
0,0.020578320465564532
1,0.99164296847877
0,0.0495258795092636
0,0.00041240243459634874
0,0.0901922060845329
0,0.02743595231914853
1,0.9867727515844341
0,0.0010435266456572333
0,5.902827840896855e-05
1,0.9994009183834147
0,0.013786288086854412
0,0.00038570177823483385
0,0.0206896518154563
1,0.9999082442305997
0,0.0009184088218898109
0,0.14013060523799364
1,0.9880326522593911
0,0.029778692953723297
0,0.01753351456447619
1,0.9917268650926685
1,0.9981064933067757
0,5.918181572124896e-05
0,0.002379232955012013
0,0.0015810540160280857
1,0.9999251100135943
1,0.9872201080353565
0,0.23739750880061705
0,0.01988144421664855
1,0.9962125231253861
0,0.0016710283891571399
0,0.013354125793302536
0,0.006123977335904532
1,0.9999394790425572
0,0.00010206063179464271
1,0.9924035855796715
0,0.0041880284989621935
1,0.9948314177913433
1,0.986130540170335
1,0.9975089293124847
1,0.9430808242811792
1,0.9955205626708855
1,0.8259438003015029
0,0.004940726389758505
1,0.9256756587074703
0,0.007074110423263136
0,0.28958566405233827
0,0.00039757859556010595
1,0.9973419110126727
0,0.005296210339406347
1,0.9992262822449993
1,0.9877280569602078
1,0.9423354467084541
0,8.44216511018999e-05
1,0.9996074853196031
0,0.12130819362505943
1,0.6850595238025213
0,0.047623726845453594
0,0.2485997782990476
0,0.12775394881560054
0,0.049888417097561186
1,0.945605044161075
0,0.2643311961588626
0,0.0016935136451275811
1,0.9850709169494178
0,0.05145119948570399
0,0.08887906097650554
0,0.005022544034295541
0,0.0007385748111497872
0,0.0005847633242797287
0,0.102842066541267
0,0.19925657430169785
0,0.00020869309819128757
0,0.00013081153674806824
0,0.012756798759178527
0,0.004317703105510794
0,0.25375371222101184
0,0.015134031202346276
0,0.0006329425148539451
1,0.9991045270264871
0,0.2613806327301703
0,0.0019635704015425657
0,0.0001642998152522522
1,0.9891335532608205
1,0.939743257573923
1,0.671274528794921
1,0.7376495297925245
1,0.8132822384828613
1,0.732771381467248
1,0.8278204056710404
0,0.10774097035421064
0,0.03586479229829328
1,0.962646178268031
0,0.00010476977155669062
1,0.9990957669159312
0,0.02256192808339617
0,0.00021352150804912297
1,0.9240983844603097
0,0.10690282944587316
1,0.7200358068517593
1,0.9503784615168976
0,0.008614923153366698
0,0.004980525271164822
0,0.04485329861000816
0,0.07226789807446965
1,0.9191364480828513
0,0.14455544583437246
0,9.7832164953548e-08
1,0.9930887684433243
0,0.00011784112857985401
0,0.0020856413497817544
1,0.8901602289748922
1,0.5389509718939748
0,0.046388391307802104
0,0.007107921148457444
0,0.14064780794660828
0,0.00014601933002848257
0,0.016682301414933525
1,0.9994672885378153
0,0.22242577615517922
1,0.999028522982291
1,0.9724606783611875
0,0.021694722305008643
1,0.9786683907769768
0,0.0329623712822904
0,0.001789643125683045
0,0.4068454891701766
0,0.045394486831155524
0,0.0015512161886897073
1,0.9469004080993363
0,4.826001373139601e-05
1,0.991582053567382
0,0.004408807680749107
1,0.9960133352319279
0,0.06824125694098683
0,0.12260235266956493
0,0.0004506440736014717
0,0.15494116339970496
1,0.7594126645098214
1,0.985483636798803
0,0.003482542872994274
0,0.10915992910930208
0,6.221672518944069e-05
0,0.3988189616452716
0,0.003881077603358905
1,0.9998299971707171
1,0.909279000511483
0,0.2367530688385906
1,0.9879854259884867
1,0.9713946832998754
1,0.9876611793672431
0,0.04310876167496081
1,0.9932625474576923
0,0.1257384798986338
1,0.9934192510767063
0,0.14616689747836858
0,0.0011871555375261961
0,0.006220192677917439
1,0.9999628347897429
0,0.1098872552914024
1,0.8645545482909789
1,0.987451810838525
0,0.003274067025674942
1,0.9993300611977491
0,0.00572206910899354
0,0.30635463493354026
1,0.9941420734758635
0,0.01110834302816299
0,0.03306625657845726
0,3.3509928883934746e-06
0,0.02411371715397673
0,0.04085975032919485
0,0.009308810795657648
0,0.0012974266049409608
0,0.06320553184823748
0,0.02482884473226247
0,0.01555060517517088
0,0.0010546985992480448
0,0.03223826450716634
1,0.9519788482815695
1,0.8972552590875219
0,0.037160207009558126
1,0.9971561389009801
1,0.9996569696636928
1,0.9988231886386238
0,0.12260378709480578
0,1.878175959848652e-09
0,0.027721166071665655
0,0.03176835495024815
1,0.9985767150396818
0,0.10241407386644191
0,0.09472776256333444
0,0.036287022731009304
1,0.9939288139515944
1,0.9986467468291699
0,0.2884715195188988
0,0.04862992191099206
0,0.019596549302576146
1,0.9988302295418655
0,0.04232663901642311
0,0.0051795932906167266
0,0.019723732647731765
1,0.987474332275015
0,0.06457211383414528
0,0.027549711752982303
1,0.5566362775493165
1,0.9339905972531182
1,0.7441574739674305
1,0.855192817738662
1,0.9995500896555432
0,0.016495453023594363
1,0.883392895616714
0,2.2512988089118646e-10
1,0.6895795782814617
0,0.024411802778044996
0,0.0033520036432017177
0,0.0008082243509237646
0,0.0021102031748148602
0,0.04458842652089584
0,9.690409946341132e-06
1,0.9992702399556692
0,0.0008213968421312892
0,0.0006561637964385515
0,0.15678790567521164
1,0.9650586279483088
0,0.0004651420447752668
0,0.0066058683742462815
1,0.9747128613404563
1,0.9601439212310143
0,0.014962558717374409
0,0.002667973591394085
0,0.006402128840588617
0,0.009469805938745215
0,0.011183643116616963
1,0.9995061460758113
1,0.8502242888333135
1,0.5100067876071408
0,0.03981497568024007
1,0.9994079903078966
1,0.9949758070102742
1,0.9975272393725224
1,0.999655671835945
1,0.8144496101900625
0,0.010374431503681204
0,0.21290391091231373
0,0.023305938893378987
0,0.02473832696249588
0,0.13153988419887258
0,0.3802210762451112
0,0.20408896444963487
0,0.0018292863295121674
0,0.007839271961417184
0,0.05214599984660472
1,0.9992915711426513
0,0.001468812733143608
1,0.9997100187193396
1,0.9993856017262926
0,0.011175360654666875
0,0.004559123099155109
1,0.9571986629766539
0,0.040158455351141584
1,0.9997851344185927
1,0.9934421758896952
0,0.053560576757924624
0,0.010379300581961242
1,0.9994351604282267
1,0.9414150341755727
0,0.008674527226687078
1,0.9956060937187097
0,0.16901688957990432
0,0.10162489164674225
1,0.9884394377314616
0,0.012975188670563315
0,0.00013858547955259134
1,0.8418555818434967
1,0.9968057418554043
0,0.04762790079105651
0,0.006551652294064117
0,0.006131831304395676
0,0.0008073631809232386
1,0.9860890321013613
0,0.007014879191887343
0,0.0037836809004168485
1,0.9997159794381802
1,0.9970928414612784
0,0.005973661058556428
0,0.009796323359996348
1,0.9995333844953668
0,0.0008490244416611177
1,0.9419448026189782
0,0.012028610587894298
0,0.00045937020113612643
0,0.0030145403626065377
1,0.999296971045625
0,0.0010637881176274963
0,0.01585976835345176
1,0.9997970250734459
0,0.009521433422088365
0,0.13003632905474732
1,0.9084531826197106
1,0.9296766433029512
0,0.311975727588177
0,0.12978073162193737
1,0.6444555387746193
1,0.998081181314285
0,0.04492632569616637
1,0.6250132362939378
0,0.005210161149409267
0,0.002211593348565356
0,0.005732833717592844
1,0.8091858679631824
0,0.0033522776621429506
1,0.9853026795729194
1,0.9997870209815074
1,0.8515314457883484
0,0.08772784837953587
0,0.06960359244392281
1,0.9991100485877052
1,0.993103181648595
0,0.1052279658515559
0,0.12935350673039192
0,0.157832992959447
0,0.02825080255888685
0,0.010447199303197317
0,8.718971454482027e-05
1,0.9996065361934334
1,0.9966342524534313
1,0.9468349756259902
0,0.0138968316643749
1,0.5347192682846384
0,0.3574033698502739
0,3.086687589846919e-05
1,0.9994212269172537
0,0.2502788979355379
0,0.001541833521559441
0,0.22354844979068267
0,0.0014074927287390294
0,0.005346876345183025
0,0.0005665592133848129
0,0.0004601012478503724
0,0.000941631363814195
1,0.9998431907610366
0,0.002086583326910212
0,0.26406705685012777
0,0.001888274401176271
1,0.9999187092570162
0,0.13370952954139356
1,0.998759107243921
0,0.000516084378364647
0,0.015057811022649031
0,0.16037298289052246
0,0.015843979243715486
0,0.323263102477627
0,0.03588679373734719
0,0.0037072723924967375
0,0.20004838284705312
0,0.0030652251016850627
1,0.9985666505740517
1,0.8665442793429613
1,0.9570797667156148
0,0.0033556437751351346
0,0.0363352815396684
0,0.0014125913510225892
0,0.0015257559734041359
0,0.2912392187934698
0,0.0004519441851283653
1,0.724808821799384
0,0.008736048600602923
1,0.9991384547338754
0,0.04589395927251607
0,7.434806183603288e-06
1,0.9974742647510829
0,0.02841282811895024
1,0.9993760870834174
0,0.00117018666041567
0,0.011667810802590453
0,0.0008687163723545672
0,0.20266044356323817
0,0.1411239060840701
1,0.99830295138545
1,0.9895259959893349
1,0.9988270204821015
0,0.27249987070116916
1,0.94381510109845
1,0.9768503667338659
0,7.245669688309554e-05
1,0.9935639480857614
1,0.9716255753152728
1,0.8429694463138094
1,0.8662140598725439
1,0.9937986564521313
1,0.8759663961057117
1,0.7042418335261444
0,0.04406839192868775
0,0.010347113316485737
0,0.035997654720289894
1,0.9934857359188036
1,0.8331291548571523
0,0.17688629822602178
0,0.13625397928692182
1,0.9902860693929167
1,0.9898266137197737
1,0.9843149132977568
0,0.0029433740485246074
1,0.9812598341387208
0,0.08136073433416179
0,1.1207170556097693e-07
0,2.436394005652544e-05
1,0.9906984523226121
0,0.023357764935072883
1,0.9625034217928139
0,0.005354757722396703
0,0.0007619626594097397
1,0.9865929375170848
1,0.9776760092381759
0,0.33269063417564687
0,0.027123132899401565
0,0.497251212092978
0,0.07284898521022833
0,0.0247362784472276
0,0.0023363759338553298
0,0.018774695459015608
0,0.07005177240495618
0,0.03948226669456977
1,0.9892958111375035
1,0.9999219779058679
1,0.999832423374165
0,0.0032264960710845785
0,0.012863479750047915
0,0.003537270491682834
1,0.9912744237344422
0,0.011459099792877136
1,0.9977223752522526
0,0.013008216725684333
1,0.8018385753096593
1,0.9999046782612367
0,0.007423579302662333
0,8.465866267307605e-06
0,0.0024627522832399605
0,0.01748779283704579
1,0.9999914605414164
1,0.989645940077729
1,0.9480687201138567
0,0.0017406523844859581
0,0.0013018885571326768
1,0.9735333782629635
0,0.010917825341113142
1,0.9855855334743469
0,0.08030101069521858
0,0.019643613948500335
0,2.553964552499229e-06
1,0.8912088564365623
1,0.996636824316032
0,9.869323602032707e-05
1,0.9935639480857614
0,0.00018154160088374298
1,0.8485978563193528
1,0.9870239789272217
1,0.98447659069734
1,0.9871088003798708
1,0.9868634349442048
0,0.0005141285418861815
0,0.02245332295258331
1,0.645279803973086
1,0.9970209005417758
0,0.017771541634044388
0,0.003985084445118981
0,0.030526461708583693
0,0.00019006534304254874
0,0.03303281955619038
0,0.012239585265659067
1,0.9915220009028967
0,0.17629255835785212
0,7.951462098113159e-05
1,0.9981597632842764
0,0.2577387582922946
0,0.003975489335425198
1,0.9925603584391532
0,0.011114903180220967
0,0.0013336281858552601
0,0.0223172124816829
0,0.4109449798170411
0,0.0038761577900601253
0,4.6814980986696664e-06
1,0.9952233167336376
0,0.004560322610111459
0,0.22444560170439917
1,0.9238263607829789
0,0.0028149014018682256
0,0.004901719945070957
0,0.00992139467760812
1,0.9947124635355751
0,0.011837330584338338
1,0.9953023747308294
0,0.00977619214108341
0,0.0011710749762217799
0,0.00010127804946564191
0,0.03430481390790755
1,0.9990159495165404
0,0.029952761236093868
1,0.9771690938287252
1,0.8883096591388533
1,0.992503069671266
1,0.9852840594221575
0,8.878810235084085e-06
1,0.9983189661959934
0,0.04736634416257677
0,0.024017220252732573
1,0.9825482834608713
0,0.0020785631789750707
0,0.0048643051830146436
1,0.9999602350894382
1,0.9994705473919748
1,0.9991118631685628
0,0.0777651583820655
0,0.029066455082457927
0,0.036218391698735045
0,0.015200919274491263
0,0.15069743146804343
0,1.086390404652499e-05
0,0.1804880477092944
1,0.9526597115475747
1,0.9908691022605733
0,0.13502555196331964
1,0.6913919480538674
0,3.647816679358332e-05
0,0.0013940579495617849
0,0.00036898498796041236
0,0.010172973955086937
1,0.9997366380966207
1,0.9854031886945173
0,0.07446344390752495
1,0.7811428789244041
0,0.00041153678320423795
0,0.012556931177657056
0,0.002609660479428126
0,0.025051840575945807
0,0.02212347377165019
0,6.186721541614263e-08
0,0.2209785031835849
1,0.5590123646183172
0,0.10795271266493009
0,0.006394937115261383
1,0.9574448279582987
0,0.03583195887519299
1,0.9872396019930426
1,0.9710148226059157
0,0.05450617128802447
0,0.4479711623293097
0,0.0011339474610996424
1,0.9995353523769738
1,0.9350842930706967
1,0.9943847235966281
0,0.0015958646393702495
0,0.0013049935755618082
0,0.0020414904218692452
0,0.012084505800399837
1,0.9754727186448013
1,0.9969114251806439
0,0.04592702083569692
0,0.05568900269153103
0,0.17111581123112404
0,0.01961209027578259
0,0.00516503962827419
1,0.9231075126489451
0,0.00042299127388936
0,0.00045762525867254673
0,0.006598343407658431
1,0.9717145944761674
0,0.04332132780992436
1,0.9621685183317208
1,0.9882078522171026
0,0.2329232175294473
0,0.013528486477356693
0,0.4186391834155167
0,0.002190293677956349
0,0.01285030620287951
0,0.009179022521147306
1,0.9995171407064013
0,0.038197088608501094
1,0.9971835958948582
1,0.9790948442498398
0,0.01135062424250004
0,0.010935810302568506
0,0.004687740228504883
0,0.002737060894291324
0,0.038972606135983405
0,0.03053990744637632
0,0.013512291335890563
1,0.7441574739674305
1,0.9565254330233123
0,0.03954303364676766
0,0.09279905192150568
0,0.004750516284264661
1,0.9903910328130956
1,0.9788642311234185
0,0.002371431575679124
0,0.15902936266021825
1,0.7884822140873273
0,0.0119619302153809
1,0.6646043568356329
0,0.023821997291546753
0,0.017699943933615424
0,0.1727098294180291
0,0.006876543624276229
1,0.9974022409163096
1,0.9999193601896244
0,0.0013836582037334486
0,0.006614344027198386
1,0.9951100123664762
0,3.028662045497598e-05
0,0.14342837825140176
0,0.016241188080854944
0,0.0007977675467131076
1,0.9995653697078075
0,0.04939438125438742
1,0.9994995326955198
1,0.5274490486287531
0,0.46413307515538854
0,0.0001642430084744038
1,0.9990394367518405
0,0.00013553897071677464
0,0.0002557446352948544
1,0.6543043117450035
0,0.00039501162991241326
1,0.9952134129335255
1,0.9986439469501774
1,0.8805435638646975
0,0.0027514562159782975
0,0.11975092788812344
0,0.011783178799967627
0,0.00909352841775445
0,0.005937568872317719
0,0.22136219739149965
1,0.9909317772451648
1,0.9882410070709163
1,0.9951354841891309
0,0.23862519691343073
1,0.9998210691928652
0,0.00019702627781545802
0,0.0009662134189066511
0,0.1499884082252943
0,0.12647776456240872
1,0.5365443628036133
1,0.9993933464514969
0,0.046044113630700025
1,0.9286613775050254
1,0.9883578884838002
0,2.971513253052024e-05
0,0.10545107515475907
0,0.0007284616947920486
0,2.368813397572793e-05
0,0.031559117258426306
0,0.14139785190111134
1,0.9234436760112229
0,0.002222004722426818
0,0.0007766803019554511
1,0.8091502492000353
1,0.9991839049115087
1,0.9480627348654986
1,0.9998505051760364
0,3.774335259465876e-05
0,0.02090286376602545
1,0.9579561324322446
0,0.002869072458231052
1,0.9997785674715931
0,0.005081179277617014
1,0.9860603100432324
0,0.03896162922145226
0,0.0005097516865731778
1,0.9999874956766792
1,0.9942298838357352
0,0.026928809867867408
0,2.380215119899836e-05
1,0.9888558388577391
1,0.9968209290636599
0,0.043216367420508515
0,0.07382790947690897
1,0.9994059582188635
0,1.042029866887836e-06
0,0.0002556092818579346
0,0.0130659936109746
0,0.0008925423706537097
0,0.0009025318356364697
0,0.04411376167740019
1,0.9937675845080748
0,0.13760885796693584
1,0.9899756729500715
0,0.003046159090083014
0,0.048481488883879494
0,0.07847765850013477
0,0.0078082280506606705
1,0.9991465976673566
1,0.9232913422728366
0,0.00039498861765471744
1,0.9489778999832718
0,0.048348237769003925
1,0.9846162543450744
0,0.0029565914409173115
1,0.9989503432506227
0,0.04064765114566832
1,0.9971196657899511
0,0.00569051599009912
0,0.0003870195356457621
0,0.09058043128177365
1,0.6170490867174334
1,0.8363134229747247
0,0.008929233826867581
1,0.987155883646376
1,0.559085315385835
1,0.9890242832120535
1,0.9863392295074115
0,0.05638079361443313
1,0.9999515603881586
0,0.00014146225473269346
1,0.9661840360761308
0,0.2576018987333405
0,1.6082584937537876e-05
0,0.24471387312309148
0,0.003061848578141317
0,0.0003087238038332754
1,0.9977327283188288
1,0.9814096844100791
0,0.005794205845082761
0,0.017712447883718774
0,0.00014670393638286473
0,0.00756667934157396
1,0.9627485094356958
1,0.9618561588162943
0,0.3097135070388407
0,0.04095265136409031
0,0.1283654616124876
1,0.9994351913809757
0,0.0016950548803356831
0,0.0009077704338857049
0,0.0014771407187438442
1,0.7245566628939074
1,0.9520466142737414
0,0.003151198587909179
0,0.0004286316600960934
1,0.9973239794637525
1,0.9974480232656501
0,0.00520903830419817
0,0.03591683702264276
1,0.9567848833318288
0,0.04397446563659193
0,0.00927109355071436
0,0.005230955057688785
1,0.515887024051546
0,0.0003945988043327252
0,0.0026653236266698447
0,0.15807748297972407
0,0.0008222417301009351
1,0.9991411236309435
0,0.008953560608134504
1,0.7780203573316622
0,0.06347201655748681
1,0.9096855315989498
1,0.9861474916477428
1,0.5724249742628376
0,0.005408655725730056
0,0.1384150766742126
1,0.9801052226692804
1,0.9325677485053115
1,0.9971233298614027
1,0.9074740664253906
1,0.9964511002075775
1,0.9999782449199963
0,0.003355441684114751
0,0.002384661942354172
0,0.001563750480912937
0,3.139957329440987e-05
0,0.14394013991343346
0,0.03797505724831415
0,5.184355052461168e-05
1,0.9774512589253543
1,0.9964776710435024
0,0.038971019324870765
0,0.002980833014678687
1,0.9994100346242278
0,0.10796028430632015
0,0.003218773525926913
0,0.003065216707342565
0,0.449805042090729
0,0.0011656895846924972
0,0.05938682953450009
0,0.30190065842992503
0,0.013127164762650287
1,0.9934771036665371
0,0.0006412378956490523
1,0.89266960805392
0,0.0016579406464523052
1,0.9999400623236742
1,0.99981658941902
1,0.9880165063868408
1,0.9439684247528964
0,0.0003869205082587178
0,4.5195828571903603e-05
0,4.22917897602956e-05
0,0.0045050956774989655
1,0.9985311382070212
1,0.9948373030724982
1,0.9996405570228049
1,0.7845385388840964
1,0.9853618123410196
0,0.008896570498683224
0,0.030120921473722865
0,0.003141787656405123
0,0.17288623913570694
0,3.958283686606248e-05
0,0.006387558364486698
0,0.0005207824093522172
0,0.09639720038986421
0,0.006255694870625158
0,0.01387283891269219
0,0.0832604076583192
0,0.00010341601732794478
1,0.9842926210859233
0,0.006614344027198386
0,0.00768775224465463
0,0.02312163961109662
1,0.7645608582333147
1,0.7583007894853303
0,0.00015041975389179648
1,0.6700063365310782
0,0.016279241833035064
0,0.3362267668734604
0,0.23446409592905057
1,0.9480313145860594
0,0.002350308915365381
1,0.9163927004572722
1,0.9998592373529805
0,0.07732993506111353
1,0.9698725638583358
0,0.17260328876881623
0,0.00047970447490213353
1,0.9996686049119257
0,0.0037786492680603203
0,0.0008033892867457602
1,0.9118314154659226
0,0.0033392879502163403
0,0.22699068860951457
0,0.050873525209166263
0,0.09087854072461958
0,0.0007174087084166913
1,0.9971322432056596
1,0.9955965413601829
0,0.43008376371560136
0,0.00780688271857923
0,7.03376642387254e-05
0,0.02253256411731473
0,0.026691760888235036
0,0.08057676911555228
0,0.008758072838148875
1,0.99227162691561
0,0.002044877928784144
1,0.9904509135185986
1,0.7801769855402698
0,0.0008399638759458999
0,0.0202717805702084
1,0.9920654636832883
0,0.0020113141559927293
0,0.00636355870043307
1,0.9992830110425076
1,0.9847680539461514
0,0.013875119676086926
0,0.001166433252287048
1,0.9916424523467109
1,0.753963732151891
0,0.01547980530734964
0,0.002282288287200887
1,0.9717211190025739
0,0.11173007597747672
1,0.9927304688402063
0,0.29882925931970056
1,0.9973873265664217
0,0.009604155404404693
0,0.019706882124215508
1,0.9989732967590241
0,0.03230665007115501
0,0.0010649558213760308
1,0.9990051909289502
1,0.9992372776077667
1,0.9978521717012965
0,2.08556520167761e-06
1,0.9993409901960384
0,0.019363140502936006
1,0.9978599411591813
1,0.9989673053806022
0,0.013560378040760457
0,0.0955858711613294
0,0.008905419069614867
0,0.017431966907897622
1,0.9988207400875174
0,0.03458362043554875
0,0.14425024938699998
0,0.03294417996345842
0,0.0017165506806528
0,0.004514525007210347
1,0.9774445287943636
0,0.0042304754440437705
0,0.4308600753348034
1,0.9772090243542807
0,0.05417761716954702
1,0.9895266791824462
0,0.0011843320946467722
0,0.0006311780669286973
0,0.09170179121700298
1,0.9351396073445558
1,0.7919735871193408
1,0.8727056759163724
0,0.0068749891591243315
1,0.9999037002012897
0,0.2921913842609013
0,0.010804020883459428
0,0.02660639943627507
1,0.989100847029733
0,0.050252670603299535
1,0.9879916467982867
1,0.968603639041313
1,0.9977882375604361
0,0.03502972299062366
0,0.012623381440086213
0,6.301609713300702e-06
0,0.0008766961004553134
0,0.027334588505413683
1,0.9897469330048154
0,0.04125088150486647
1,0.9101068700646283
0,0.21068250750030593
1,0.9745844702263909
1,0.9980130661300388
1,0.9902752399564071
0,0.2608585510105062
0,0.001607899637839982
0,0.0022643649909373357
0,0.009630452660747819
1,0.9914492155200386
1,0.9630297169505673
0,0.006942261030579057
0,0.07246451426045436
0,0.11471664723459886
0,0.005706366557298534
0,0.04384429197703915
0,0.0006441327991929914
0,0.0011272931354494725
0,0.038047607377953624
1,0.9588592225433303
0,0.0017140075473866406
0,0.012660017963125682
1,0.7265523244002138
0,1.524422752299018e-05
0,0.00635380525041854
0,0.002789821067227047
0,0.007776689474030047
1,0.993803206459291
0,4.589412906184203e-06
0,0.27273076516918987
0,0.007226760785211156
1,0.9735320267289004
0,0.36030226374067525
1,0.9983542303236153
1,0.7771288092178306
1,0.6233935196998363
1,0.9943378265355567
0,4.563977052039878e-05
0,0.0036614836460915493
1,0.9966028698676177
0,0.000992038881616377
0,0.08809180823204175
1,0.9990749016833216
1,0.68418060227086
1,0.9920879263279585
1,0.9123795052575093
0,0.0006030490809722758
1,0.8498806874635695
1,0.9995280830477211
1,0.9996161468766037
0,0.0031686411732147987
0,0.11337093471697965
0,0.01368678827767192
1,0.9985849785667605
0,0.04376390542229101
1,0.9997737076116666
0,0.24491131115684875
1,0.9932030408014612
0,0.005011818684898388
0,0.0006257682447603256
1,0.9818121980175228
0,0.000884662507387709
0,0.017003555123948615
0,0.004559986955551196
1,0.9977199513523706
0,0.009098126659272319
0,0.01130862200607833
0,0.10179864130424757
0,0.0010701465325512437
1,0.9999522781391659
0,0.0005140824687437239
0,0.05211154117844595
0,0.0022398002918513674
1,0.5509825060146747
0,0.03481256314470227
1,0.9986882446549177
0,0.14868807845252158
0,0.4456120454739345
0,0.005548389299720555
1,0.880227815668428
0,0.0002613851513564952
0,0.4128205599500277
0,0.02353451196108068
0,0.0034025589678861423
0,0.24788415419198345
0,0.2970117388978227
0,0.003998390208971148
1,0.9240882878401752
0,0.043138042850756786
1,0.9758671128366103
0,0.001763988405146615
1,0.998245124605494
0,0.00389477712197451
1,0.9641239647382901
0,0.025358448731726477
0,0.00829047469847298
0,0.020544793502420892
0,0.0012225590436669494
0,0.12084389987252234
1,0.7073303633793475
0,0.06348538385129585
0,0.07424938151200504
0,0.017872036765623246
0,0.02066593987122527
0,0.012756798759178527
1,0.9703834198984493
1,0.9854424925645963
1,0.9947803574724368
1,0.9999001809095939
0,0.004293692227797444
1,0.9971332854840143
0,0.3765068269093402
0,0.0034732314215672536
0,8.256690868022949e-05
0,0.10319815798721084
0,0.06988740241763693
1,0.9461606750808401
1,0.9795883020022125
1,0.9796890550537477
0,0.0003304714576574428
0,0.000794159929603954
0,0.034137170420065394
0,0.0012741645953027229
0,1.9983736567956057e-06
0,0.008583546726053826
0,0.043535533283480005
0,6.670951093119534e-05
0,0.10615878182415858
1,0.9985791379217361
0,0.0034505759442066326
1,0.6303264484301243
1,0.9969415657620517
1,0.9469262258447623
1,0.8216573976595505
0,0.0003883409442762516
0,0.016920923595333374
1,0.9731260449767004
1,0.9974017598232036
1,0.9856823379652548
1,0.9992138157184599
1,0.6563899654383848
0,0.3007444826243125
0,0.0015617731378414457
0,0.0002047792171057061
1,0.9924403213338571
0,0.11760116513896973
1,0.9996812277478354
0,0.016620559885793088
1,0.8696706153208789
0,0.001571304303414761
1,0.9628582619760632
0,4.824918863169902e-05
0,0.10791118882216025
0,0.15200914063855622
1,0.9847853542293077
0,0.019427649486130544
1,0.9720253829075783
0,0.018102483704678943
0,0.008977082076023362
0,0.21733121684870363
1,0.7679034390622493
0,0.0022010460863089378
0,0.014886951057518825
1,0.9971246621275038
0,0.00029317429451990195
0,0.009077261369914309
0,0.011742669910586387
0,0.0009057482841298819
0,0.045491574533364575
1,0.9999083411913631
0,0.0013189237671671409
0,0.00015891985080391908
0,0.0908192649458379
0,0.001518925315596202
0,0.059280692725700884
0,0.31421963234077993
0,0.23135090995933724
0,0.0036837735327467326
1,0.962346005878379
0,0.01914441437162509
0,0.0008153826577528623
1,0.9988671251708737
0,0.013204561375892418
0,0.05049939790201752
1,0.7118946221002387
1,0.9995847697548869
0,5.5070140712122624e-05
0,0.05969386044816448
0,0.042566946316209046
0,0.012677276513182633
1,0.7974929793134566
0,0.006988420368896431
0,0.0030145272182298313
0,0.007813564429706283
1,0.9999715328510618
0,0.0003374084764803812
0,0.14789508781879568
0,6.589280590086644e-05
0,0.0037370857011659792
0,0.3206261565071899
1,0.9948778444229134
0,0.4420369349493631
0,0.012652738559130123
1,0.9984773875794043
0,0.03614874069564439
0,0.00022852639649245275
0,0.06059804310115675
1,0.9975373393122599
0,0.026948064728209147
0,0.012058361362159774
0,0.023856124706180058
0,0.000291991694909419
0,0.0007275037573720583
0,0.05436626780935641
0,0.0009438170297960957
0,0.0063780908563929916
0,0.009527160250487797
0,0.0002787630128264902
1,0.9998239341929314
0,0.07879233163548885
0,5.377842542972869e-05
0,0.003655507632588747
0,0.007361222996076713
1,0.9986518861910498
1,0.9979592647242163
1,0.6961426035267917
1,0.9984844270928415
0,1.4964615444511755e-08
0,8.194547421702883e-08
1,0.9190229475933642
0,3.578038545066522e-05
1,0.9904576726524627
1,0.7181381034960431
0,0.0001934638254114259
1,0.9940120469309472
0,0.3824617154865933
1,0.9562936601037562
0,0.14555351749132833
1,0.9797613091607635
0,0.0005796744463129638
0,0.18779209185372372
1,0.9999759534144711
0,0.0004616094620412197
0,0.007168296698272483
0,0.013084414973967765
0,0.006890830626752555
0,0.00015283408571323858
1,0.5499807769276539
1,0.5816237877389496
0,0.005322603869433101
0,0.2615059398471998
0,0.00029976854344443876
1,0.9653760485081422
1,0.9993820879796673
1,0.503417694157435
0,0.002785968834005239
0,0.004911819123719096
0,0.024811013573821292
1,0.9518001483488057
1,0.8632122936652814
0,0.4834423707598256
0,2.7893916715970094e-05
0,0.4805539743800466
1,0.8881663954044776
1,0.9811346001257055
0,0.12775394881560054
1,0.993628274632197
0,0.052107404058936
0,0.4647301620874332
0,0.0015479407280602302
0,0.006585118014718349
0,0.35361526670298093
0,0.09994165247396081
1,0.9690052471899436
0,0.0005196910535584777
1,0.9902992649722021
0,0.0076801598238307985
0,0.00043507853400323506
0,0.46902413182586206
0,0.0008176856076188121
0,0.0915185800809794
1,0.98729077509134
1,0.9533427764821845
1,0.9986539755669112
0,0.0016927498706213867
0,0.21228996722927423
0,0.00018438104303221707
1,0.9999242598223219
0,0.3742735152144069
0,0.002571513881974856
0,4.969362292712523e-12
0,8.529205254731108e-06
0,0.01862153372621205
0,5.360607132228039e-06
0,0.005388544209862114
1,0.8141098863343372
1,0.9562398968134908
0,0.04386756211367892
0,1.0093347939325236e-05
1,0.9982819251817113
1,0.7362746164868772
0,0.01605349216179062
0,0.04217574835764587
1,0.9519928891191598
1,0.7408218961129528
1,0.9994610887986468
0,0.0003418222766790855
0,6.625687083752909e-05
1,0.9984114838269877
0,3.473330516250357e-05
1,0.5872035236000553
1,0.9989495393517969
0,0.09384220628690476
0,0.00022650009069277694
0,0.0054810539661371855
0,0.009878040501361337
0,0.0009689240675010527
1,0.9990824461600981
0,0.0423101495976789
0,0.007397864348903002
1,0.9857713262681598
0,2.8292639502794862e-05
0,0.01739317061191673
0,0.018726190536435754
0,0.00032913812422631395
1,0.8641277516938408
0,7.343301742408199e-05
1,0.8062690417222117
0,0.0001907657707719706
0,0.0005518115293414459
1,0.9988488086979579
1,0.9611233819521529
1,0.984332886646883
1,0.9580312089476773
0,0.14130910254750542
0,0.01966172971234289
1,0.9612943075517364
1,0.996134061199383
0,0.0385926343470437
0,0.00019040792368916974
0,0.021054446441216526
0,0.002636834948860553
0,9.830570315056006e-05
0,0.0038862353464120267
0,0.0009370923450145737
1,0.8535804671778616
1,0.9853919314792945
1,0.8880602036418662
0,0.01397396901530705
1,0.9834038243458731
1,0.9364518052692066
0,0.0010012855336151358
1,0.9896064659000481
1,0.9993126177691655
0,1.9067537976864048e-05
0,0.01381864607575658
0,0.0007140377620136001
0,0.044101798681761846
1,0.9999888837360984
1,0.7655096587080246
1,0.7800950545500027
0,0.1767378741485279
1,0.997988666363926
0,0.0074541603798822555
1,0.9995011575750105
1,0.8986256259704272
0,0.0320898089387666
0,0.17794691829714818
0,0.012653558466937075
1,0.9987562754485336
0,0.07191875894558708
1,0.99920219437136
0,0.12746442789200402
1,0.6242015644842451
1,0.9977698235117667
1,0.9903098666022581
0,4.057976105515679e-05
1,0.9942756318636907
0,0.0004141845870266637
1,0.990877829971677
0,0.0020860649585616414
0,0.005105273266996418
0,0.17382646520801134
0,0.0009690957497691811
0,0.001328787434483287
0,0.00024195431721539277
0,0.00786262364485118
1,0.9863034281698564
1,0.6989109522259491
0,0.012236200655693467
0,0.006033183243238393
1,0.9996932767727554
1,0.9927857367739902
0,0.00042210167134296953
1,0.9934772236741723
1,0.9315672248692345
0,0.0008319608407543146
1,0.7402104203002104
0,0.024211592686936484
0,0.043861721469062157
1,0.999739840572916
1,0.9997751712941566
0,0.007311319519948082
1,0.9898561412881923
0,0.0026858736721577237
1,0.998972912574695
0,0.030280006329892216
1,0.9577440801158553
1,0.9247963474452664
1,0.9944828946803665
1,0.5142152446942742
1,0.8900892460963615
0,0.15649891298859123
1,0.9569660387249368
0,2.5855848002914758e-05
1,0.702013671404832
0,0.00022635694556089555
1,0.9996247808339928
0,0.0004344186936274836
0,0.008291096627065116
0,0.006524606959930294
0,0.0008343075397462253
0,0.178037579046168
0,0.0012440580389083166
1,0.9999856606273373
0,0.3681296841836182
0,0.026560842464040717
0,0.0001938416648957729
0,0.135962291496286
1,0.9661280371951128
1,0.7182380633074534
0,0.01887278620958587
0,0.018434872345988805
0,0.004316621012634729
0,0.0004162238284829126
0,0.16773216204380617
0,3.340773340944278e-06
0,0.01613090603453243
0,4.118419360089342e-05
1,0.9871361666132631
1,0.9843322148850712
0,0.0004439330029413784
0,0.004822498573915273
0,0.09715387231340178
0,0.009535325432407586
0,0.16308381154328094
1,0.9853052301771409
1,0.9825894623315929
0,0.010427585472902061
0,0.037528843587140585
1,0.9984901130167567
1,0.9990758226995272
0,0.003027732950594916
1,0.89148729899589
1,0.8595798040361973
1,0.9779866119249763
1,0.8749192125983155
1,0.935866287942619
1,0.7688075762733799
0,0.0003050749730038868
1,0.9981856651414266
1,0.9347509768191857
1,0.9898470276296509
0,0.27364257613202553
1,0.6600029753467461
0,9.20142432723051e-05
0,0.11520949265199276
1,0.9952553274486361
1,0.9946200643038463
1,0.999978224446408
1,0.8451240475497291
0,2.8482283821283305e-05
1,0.9252114205487476
0,0.007866838473608537
0,1.2540824877109921e-05
1,0.9982210098020567
0,0.06923725412066879
1,0.9961724305392711
0,0.00600713185481646
1,0.9997089533441229
0,0.08057969487183875
0,0.004795466014584647
0,0.1365287888976815
0,6.464203107723938e-06
0,0.00838058845280306
0,0.00629593622526925
1,0.9970002578972209
0,0.029828390318307748
0,0.012216643692815728
0,0.0025382641957290343
0,3.2011641416963506e-08
1,0.9708742656719626
0,0.031691301481297944
0,0.003163918989829027
1,0.9989310972486006
1,0.9997015870312735
1,0.6697095192539524
0,0.419946128951502
0,0.02253256411731473
1,0.9989492865270164
1,0.9761740110851953
1,0.9989714279995017
0,4.540110136704744e-05
1,0.9848541840245676
0,2.675774016931551e-05
0,0.39913629052462896
1,0.5537221200023419
0,0.00706799198938011
0,0.0005091803877077208
0,0.02444468269879041
1,0.9207475928503066
1,0.9996074074948375
0,0.4902620908008237
0,0.05692620036171802
1,0.9906577614393377
1,0.9693197960309924
1,0.9825798854415223
0,0.009149340311941407
1,0.993809614159026
1,0.8175064305715645
1,0.9991071698033048
0,0.0030540694257164057
0,0.436515043442971
1,0.9932569350357402
0,2.1512127997396924e-08
0,5.0349225796498336e-05
0,0.0008233693960994037
0,3.0510764262707564e-05
1,0.9997809114679218
0,0.04605390639021144
1,0.9978822217169687
0,0.008833738636833902
0,0.007203835736004944
0,0.0012656881800758922
0,0.0008248706448182707
0,0.067701838954376
0,0.19108476561626883
0,0.19281389046176786
1,0.8956602708378922
1,0.9897238123951091
0,0.341336472881091
0,0.4721676026317478
0,6.0894929141185604e-05
0,0.028266292910292347
0,0.0011850311262828817
0,0.0756523341064961
0,0.010690022148403432
0,0.022018697978192083
0,3.876204669087507e-06
1,0.8044754822994664
1,0.9120840551906072
0,0.1196443408794697
1,0.9945081427137806
0,0.36186765793905196
1,0.9693686336512968
1,0.858233393133523
1,0.7616263440856353
1,0.9861101355744314
0,0.144182609675113
0,0.0030894120094487306
0,0.004794840999726099
0,1.3883514836355308e-05
1,0.7736844758693174
1,0.9866532089239869
0,0.002421849319168882
1,0.6695902137354631
0,0.20772609647262208
1,0.868077424453545
0,0.19395826800373384
0,0.13198079566262083
0,0.023866780831785346
1,0.999865421790468
0,0.010475041022806419
0,0.0008981753103486594
1,0.9996931064148818
0,0.015361638162316423
0,0.016264276864929577
1,0.974270222403326
0,0.3865609988247946
1,0.9996642085540284
0,0.16187570861614967
0,0.1752914901098751
1,0.9835013349662522
1,0.9060568910053768
1,0.9959491837352257
0,0.031172047229050582
1,0.9989851532949724
0,0.011996165751765283
0,0.003424829505095218
0,0.0008717693615538183
1,0.8949782230276069
1,0.9902474792940229
0,0.1674529609245431
0,6.016557904223616e-05
0,0.03295300169719753
0,0.00017087575231966207
0,0.22629395346512884
0,7.58141509626238e-06
0,0.24229722853124527
1,0.996909413775644
0,0.005131614456396817
0,4.8770232303389785e-09
0,0.01936138270096699
1,0.9995024378628292
1,0.8678561998784607
0,0.0006387979791534922
1,0.983894896493229
0,0.002473107082960867
1,0.5461557562126285
0,0.04854744816490219
1,0.9965326736804383
1,0.9413028559860924
0,0.002578548124206215
1,0.8848809361179781
0,0.2568106249181039
1,0.9620686697382393
0,0.00018631242211008685
0,0.017651239323866686
0,0.0005231157072520276
1,0.9991724236609768
0,0.00132733367476293
0,0.000715021971454587
0,0.1325936858496156
0,0.034159110383436365
0,0.0006816028466084171
0,0.0143047010816407
0,9.171970466815717e-05
0,0.00412688463465217
0,0.004327150721618545
0,0.014863499477174937
1,0.9734397094692637
1,0.9978209621957294
0,0.011679290865534545
0,0.40874821035665687
1,0.9986751397570901
0,0.4911474508496488
0,0.47391244990454284
1,0.8823882278596102
0,0.01753790305227531
1,0.9902860101438394
0,0.01789239811061805
0,0.0009552173426657472
1,0.9951218288553425
0,0.007482915127086738
1,0.9998136944691539
0,0.05584068359474406
0,0.003681019127323934
0,1.4311645115973744e-05
0,0.03219680003530343
0,0.0032617869893364366
1,0.5736244766800346
0,0.17511069001871635
0,0.0026854100014853835
0,0.0020977822310803518
1,0.7868923899120728
0,0.20756263089057855
1,0.9874232681015859
0,0.2724174895822943
1,0.9977569907047678
0,0.017990673763067472
1,0.8336849172656735
0,0.006132244635549346
0,0.0263279931781705
1,0.9994771260339999
0,0.3141983810608703
0,0.01048584682941892
1,0.9969268456002364
0,0.07669083648828148
0,0.00030405582200112343
0,0.2798038809910072
0,0.018208105543933484
0,0.000718856398318636
1,0.9843149132977568
0,0.4310138101228697
1,0.9784238064885888
0,0.02956891596786423
0,0.010096497899378056
0,0.024988888512843997
0,0.0010072944079022891
1,0.8713883746483777
0,0.0022138196087451126
1,0.5914580178626153
1,0.9999349759712309
0,0.2901061319428946
0,1.0067628871906694e-06
1,0.9999865854392672
1,0.6979512003452683
1,0.693965000311865
0,0.0031727906477224143
1,0.6421710631878744
0,0.0029250809174167117
0,0.041579699635063284
1,0.9821342987830055
0,0.003494106161714511
0,1.7361688057745176e-06
0,0.006561190915215474
0,0.00040286950671088173
1,0.9965708293329251
1,0.9868765935512254
0,0.07143013043480931
1,0.9973112217735168
0,4.038314327159902e-05
0,0.003444072863463089
0,0.0004028161685316266
0,0.0016459731918453914
1,0.5511075837165352
0,0.19192928825639413
1,0.9865217410948554
0,0.4126753387617374
0,0.23759296897672316
1,0.7978126558774242
1,0.999601426322004
0,0.0006578071806609241
0,0.0012906196244821084
1,0.9614914882751029
0,0.003199917882550746
0,0.06281900790086607
0,0.2830710665801538
0,0.0016612667628682675
0,0.0013456238077403807
0,0.024898612472658375
1,0.9450767043010886
1,0.9880973989385803
0,0.0012082389019425512
0,0.031078350710348028
0,0.03213279160675439
1,0.8878268149986374
0,0.021141760238530437
0,0.009239818077280231
0,0.0011445174028272829
1,0.9984832099076842
0,0.023892876679438232
0,0.0011594248815568176
1,0.8431916677362208
0,0.0006190857339978729
1,0.9993253293827498
0,0.034589323339035236
1,0.6053403603152149
1,0.9992979098973421
1,0.9874675610848335
1,0.9994451640322469
0,0.08607003755326488
0,0.002099928842491167
0,0.19557877114063973
0,0.017145219845095875
0,0.005051858290229694
0,0.006740964063255088
1,0.9998413899979098
1,0.9997026195109121
1,0.981071528126981
1,0.9239866613750657
0,0.0005319281654616928
1,0.9987140319364597
0,0.004452687489642406
1,0.9976570018681475
1,0.8519617779477777
1,0.6109700437049488
1,0.9992678576950889
1,0.9974108933877633
0,0.03615588512989894
1,0.9952707124511034
0,0.004000081048756901
0,2.1402194346000698e-07
0,0.0012916654325972568
0,0.1740529112032095
1,0.9254378731687457
1,0.9924701279182133
1,0.5359432241811452
1,0.9577119102420752
0,0.0001357606278973085
0,0.06862145957806602
1,0.9997515780707839
0,0.0047428915133049835
0,0.0006684357678636678
0,0.0074621366442929795
1,0.6021462460017339
1,0.9756242381848148
0,0.007083086208534617
0,0.09730764525682174
0,0.1168370582939937
1,0.9875447615830073
0,0.014749204199299523
1,0.99935575250658
1,0.9940652110328246
1,0.9341198040911755
0,0.0014434592412136435
0,0.03921353017732337
1,0.8047976378712979
0,0.0031828087453302603
1,0.9933245703217141
0,0.0010967964846312036
0,0.0015906112381653106
1,0.878553487766465
0,0.0012024954066905118
0,0.16548248806893479
0,0.04303473199091928
0,0.019750394831552196
1,0.999303125545189
0,0.0022420485266223308
1,0.8688417345009758
1,0.9600753244332839
1,0.5707522366816209
1,0.9992169507756237
0,0.4512545490554143
1,0.9984998649042525
0,1.0381112040529348e-05
0,0.007916537474146917
0,0.0008099096904220936
1,0.998776280561172
0,0.014124354569415132
1,0.9965859751406897
0,0.34825683280472125
0,2.2678931067993817e-05
0,0.1817300326027711
0,0.032878234536563945
1,0.9948522604562476
1,0.9996572262367994
0,2.3525318859796998e-05
1,0.9997872254541458
1,0.9306546172388744
0,0.05212398697801959
0,0.0014364232494052326
0,5.123171050179355e-05
0,0.005402065226641197
0,0.000634522764906763
0,0.047799261488108695
0,0.07055776194525593
0,0.3892989280437534
1,0.9935538900683315
0,0.13225504460806856
0,0.010927527037719466
0,0.3730111871273812
0,0.006478388256190398
0,0.0017197666405629408
1,0.9909236050398406
0,0.28723427726821066
1,0.9873316462052061
0,0.027552956660024643
0,0.040945990090212415
0,0.0007106114699506371
0,0.03043962432175414
1,0.9800797596859022
1,0.8782624633740072
1,0.9997091502631587
0,0.0020424866636361136
1,0.9284538657659506
0,0.0024288406403838677
0,0.06341237170498223
0,0.038832549881081514
0,9.107993041940584e-08
1,0.9945133915615826
1,0.9987693243118441
1,0.9988956944870158
0,0.000942372481655574
1,0.9995211044134947
1,0.9994546053931285
0,0.03253156889143002
0,0.41396545096071485
0,0.20303739884652586
1,0.9970266601279271
0,0.0018920336635410984
0,0.007374950308595603
0,0.03841591156936235
1,0.7932621995418966
1,0.9996975846826216
0,0.16672250808657274
0,1.114177640154731e-05
0,0.00901867660360416
0,0.012624966594749517
1,0.9838744085478798
1,0.9996456228977354
1,0.9062214334902022
0,0.07576984941385254
1,0.9966840008400643
0,0.36877793138400683
0,0.18429840349008528
1,0.9960989527017576
1,0.5647663996315867
0,0.0017901075628279728
1,0.9987128222910561
1,0.9985299845855937
1,0.9770147632608718
0,0.003978401154945438
0,0.002174519425405986
1,0.9212994533383217
1,0.9988954379307982
1,0.9971987828125133
0,0.0003222020403464021
1,0.9981765630258467
1,0.9995102520963236
1,0.8797720993080211
1,0.9989005510222246
0,0.00368296471517816
0,0.0017862282025558026
0,0.131847284122254
0,0.04918471126737997
0,7.155125068778087e-05
0,0.0009012072501934245
1,0.9465325003618121
0,0.14011610177953374
0,0.0289507603176568
0,0.00011089478893242225
1,0.8846153944362607
1,0.5567240494418381
0,0.02673156549890745
1,0.830038226335524
1,0.7334610586853897
1,0.9307576257209262
0,0.010513367118250318
1,0.9999710391012346
0,0.0971995560259669
0,0.02572864713512289
1,0.9829879568601609
0,0.27759159936656697
0,0.0007241262794214516
0,3.463571737819562e-05
1,0.8949687192856021
0,0.021339695315338754
0,0.002243702764120709
0,0.3141718344593321
0,0.0002585557760271637
0,1.1344596994782756e-06
0,0.0002151994227542164
1,0.8298153418685411
0,0.027810907936237302
1,0.849301276077832
1,0.9953498974497279
0,8.271443625017434e-06
0,0.0002609447738396947
0,0.07461986477107921
1,0.9895248083781067
0,0.01368986613724712
0,0.00037586292298787875
0,0.013606911170817164
0,0.01274394309327632
0,0.001315392743929398
1,0.9950664816339383
1,0.9549985807197654
0,0.04529587791226932
0,0.0004235080071706551
0,0.009347543456389969
1,0.9892360418718689
0,0.22909185120039224
0,0.006370883356750016
0,0.18542915157521647
0,0.007482915127086738
1,0.9991197740710326
0,6.274894247414467e-05
1,0.9008104908503545
0,0.22737416090566018
0,0.0012552344385483528
1,0.9994085382341164
0,0.0014239780778385193
0,0.2586364123767149
1,0.8992401776491875
0,0.011586123538682566
0,0.0006918584694652134
0,0.018416677079273268
0,0.12262867773766768
1,0.9267102440200927
0,0.0013000612184212803
0,0.000242148859668681
1,0.9488642390611733
0,0.12019251151309486
0,0.00017657006458071664
1,0.9987892495902393
0,0.2846924691710891
0,0.04233134015907809
0,0.0009192501649757046
1,0.9802975515960421
0,0.014273885814357557
1,0.922949441178917
0,0.043931719717754496
0,0.0008393174316172505
1,0.9911413460927276
0,0.004174378126458543
0,0.00012177046091086783
1,0.9998159169585072
0,0.0032033365544972842
0,0.15691697195246002
1,0.9999831140479306
1,0.9040538639646242
0,0.0012152130215274026
0,7.317031441508654e-05
0,0.002652498943063606
0,0.021648918881248872
0,0.00044574280962972844
1,0.9606482430564003
0,0.006664950968867266
1,0.9701423397832898
0,7.366442822154136e-07
1,0.9792683162252653
0,0.038023119530099285
0,0.004304124502033031
0,0.31959723829125686
0,0.023408451706795064
1,0.8677359261075779
1,0.9972192241704719
0,0.15914683215976658
1,0.9977661433084235
0,0.1407945729919265
0,0.0016575771155355732
1,0.9567218082892136
0,0.012181189042774793
0,0.37952971955352455
1,0.9999541664934342
1,0.9819045476404101
1,0.9938033251291643
0,0.04960437105163231
0,0.001732413926395357
0,0.017794573155482614
0,0.431617991582964
0,5.1386195096647285e-05
0,0.026949871064737015
1,0.5005146145201558
0,0.009098126659272319
0,0.27165197657853246
0,0.0003098530668255807
0,0.0006930437402600119
0,0.07634764161272181
1,0.9931745204779954
0,0.0005443268097139885
0,0.13173644313086832
1,0.9897973080126553
1,0.9435649476632018
0,0.0012077919351137563
0,0.019321473534328334
0,0.00015021539740140677
0,0.41796299234071116
1,0.9297806660354596
0,0.0394465091852629
0,0.0009467185545390978
0,1.9503892211803393e-09
0,0.03973452187097686
1,0.9893761665063746
0,0.1194676599707856
0,0.48244117102383594
0,0.0024785933459424456
0,0.04090596013737849
0,0.001625293131387132
1,0.9969802721915163
1,0.9963236145979001
1,0.9999733309617791
0,0.009940571263223508
0,0.014270550164312798
0,0.11756497971443984
0,0.00021657371042903248
0,0.16294872071503666
1,0.998207101675649
1,0.5377783619715355
0,0.01578490757006843
0,0.0053549493009925645
0,0.03359553047300646
1,0.993211756041275
1,0.926750802728059
0,0.002236095367098972
1,0.9988917688507365
0,0.01433091487175463
1,0.9660161733148314
0,0.03223826450716634
0,0.027334588505413683
1,0.5758819077083994
1,0.9994961643827484
1,0.9942967395495598
1,0.9997117858245185
0,0.04447502346677604
1,0.996960505751552
0,0.019332251688930668
0,0.0003553690905186201
1,0.9812540219350019
0,2.530829881104318e-06
1,0.7315662681269287
1,0.9986677703955568
1,0.8973687508628168
1,0.9991962171331454
1,0.9569671355797658
0,0.023928180532284377
0,0.2846777262220226
1,0.9955813008306147
0,6.66448343870391e-06
0,0.018902284924539145
1,0.5705439695990239
1,0.9955494732304221
1,0.9971836618271356
1,0.8093078804030065
0,2.428311063410412e-09
0,0.001520352439034487
0,0.00510822867485074
1,0.9634327922660185
1,0.7262069640612366
0,0.006451310973763328
1,0.9996519715830581
0,0.0030365920039699627
1,0.9521909689298479
